{
  "final_score": 0.147239263803681,
  "metrics": {
    "accuracy": 0.147239263803681,
    "accuracy_scaled": 0.10322580645161293,
    "control_oracle_score": 1.0,
    "control_random_score": 0.049079754601226995,
    "f1_macro": 0.010267379679144387,
    "f1_micro": 0.147239263803681,
    "f1_weighted": 0.03779403562875234,
    "macro_f1": 0.010267379679144387,
    "report_present": 1.0,
    "schema_valid": 1.0
  },
  "passed": true,
  "run_id": "readme_lp_majority",
  "safety_gate_passed": true,
  "scored_at_utc": "2026-06-13T23:22:26.846065+00:00",
  "task_id": "op_label_projection_mini",
  "violations": [],
  "warnings": []
}
